Country,1945,1950,1955,1960,1965,1970,1975,1980,1985,1990,1995,2000,2005,2010,2015,2020
Afghanistan,7471750,8151000,8892000,9830000,10998000,12431000,14133000,15045000,13120000,13569000,19446000,22462000,26335000,29121000,32565000,36644000
Albania,1082544,1228000,1393000,1624000,1884000,2157000,2402000,2672000,2957000,3245000,3159000,3159000,3025000,2987000,3030000,3075000
Algeria,8035506,8893000,9842000,10910000,11964000,13932000,16141000,18807000,22009000,25191000,28322000,30639000,32918000,35950000,39543000,42973000
American Samoa,20000,20000,20000,21000,25000,28000,30000,33000,39000,48000,54000,58000,57000,56000,55000,54000
Andorra,7000,7000,7000,9000,14000,20000,27000,34000,45000,53000,64000,66000,77000,85000,86000,86000
Angola,3833165,4118000,4424000,4798000,5135000,5606000,6051000,7206000,8390000,9486000,11000000,12683000,14770000,17043000,19626000,22485000
Anguilla,6000,6000,6000,6000,6000,7000,7000,7000,7000,9000,10000,12000,14000,15000,17000,19000
Antigua and Barbuda,40692,46000,52000,55000,60000,66000,69000,69000,65000,65000,69000,76000,82000,87000,93000,99000
Argentina,15540828,17151000,18928000,20617000,22284000,23963000,26082000,28370000,30672000,33036000,35274000,37336000,39182000,41344000,43432000,45379000
Armenia,1174161,1356000,1566000,1869000,2206000,2520000,2835000,3134000,3465000,3530000,3131000,3101000,3085000,3072000,3057000,3022000
Aruba,46296,50000,54000,58000,60000,60000,60000,60000,62000,64000,80000,90000,97000,105000,113000,120000
Australia,7367948,8268000,9278000,10362000,11440000,12661000,13772000,14616000,15696000,16957000,17976000,19054000,20233000,21516000,22752000,23939000
Austria,6925017,6936000,6947000,7048000,7271000,7468000,7579000,7550000,7560000,7723000,8048000,8114000,8315000,8448000,8666000,8860000
Azerbaijan,2513276,2886000,3314000,3882000,4567000,5169000,5697000,6199000,6846000,7498000,8051000,8464000,8826000,9302000,9781000,10206000
Bahamas,57284,71000,88000,113000,140000,171000,190000,210000,229000,246000,266000,283000,297000,311000,325000,338000
Bahrain,100954,115000,131000,157000,192000,220000,259000,348000,424000,506000,583000,655000,916000,1181000,1347000,1506000
Bangladesh,42016522,45646000,49589000,54593000,60285000,67332000,76153000,87938000,102309000,112213000,121443000,132151000,144139000,156119000,168958000,169778000
Barbados,195268,211000,228000,233000,235000,239000,248000,252000,258000,263000,268000,274000,281000,286000,291000,295000
Belarus,7665432,7723000,7781000,8168000,8591000,9028000,9361000,9644000,9982000,10201000,10205000,10034000,9807000,9681000,9590000,9478000
Belgium,8416913,8640000,8869000,9119000,9449000,9638000,9795000,9847000,9859000,9970000,10156000,10264000,10470000,10866000,11324000,11721000
Belize,56571,66000,77000,92000,107000,123000,136000,145000,166000,191000,218000,249000,282000,315000,348000,380000
Benin,1515392,1673000,1847000,2056000,2311000,2620000,2996000,3459000,4031000,4706000,5647000,6620000,7778000,9057000,10449000,11957000
Bermuda,36214,39000,42000,45000,49000,53000,54000,55000,57000,58000,61000,64000,66000,69000,71000,72000
Bhutan,143829,164000,187000,213000,255000,310000,373000,447000,530000,615000,567000,606000,655000,700000,742000,783000
Bolivia,2489850,2767000,3075000,3435000,3854000,4347000,4915000,5442000,5935000,6574000,7375000,8196000,9073000,9948000,10801000,11640000
Bosnia and Herzegovina,2383721,2663000,2975000,3241000,3494000,3704000,3981000,4093000,4227000,4315000,3547000,3806000,3894000,3885000,3868000,3836000
Botswana,402080,431000,462000,497000,539000,584000,705000,901000,1080000,1265000,1478000,1680000,1841000,2030000,2183000,2313000
Brazil,46328767,53444000,61652000,71412000,82602000,94931000,107328000,121064000,135734000,149410000,161912000,174316000,186021000,195835000,204260000,216016000
British Virgin Islands,7000,7000,7000,8000,9000,10000,11000,11000,14000,16000,20000,23000,26000,30000,34000,38000
Brunei,33197,45000,61000,84000,103000,128000,157000,186000,218000,253000,288000,326000,362000,396000,430000,465000
Bulgaria,7010267,7251000,7500000,7868000,8202000,8490000,8721000,8844000,8944000,8895000,8285000,7909000,7612000,7392000,7187000,6967000
Burkina Faso,4151274,4377000,4615000,4866000,5032000,5304000,5674000,6319000,7171000,8362000,9903000,11588000,13904000,16242000,18932000,21978000
Burundi,2166771,2363000,2577000,2816000,3171000,3522000,3677000,4298000,4915000,5509000,5800000,6716000,7789000,9121000,10743000,12632000
Cambodia,3960940,4472000,5049000,5762000,6602000,7395000,7500000,6889000,7842000,9368000,11235000,12352000,13298000,14454000,15709000,16927000
Cameroon,4585021,4888000,5211000,5609000,6104000,6727000,7522000,8756000,10227000,11984000,13828000,15818000,18132000,20823000,23740000,26970000
Canada,12232019,14012000,16051000,18267000,20072000,21750000,23210000,24594000,25942000,27791000,29691000,31100000,32387000,33760000,35100000,36388000
Cape Verde,127112,147000,170000,197000,232000,269000,281000,297000,317000,340000,386000,431000,471000,509000,546000,584000
Cayman Islands,7000,7000,7000,8000,9000,11000,15000,18000,21000,27000,33000,39000,45000,51000,57000,62000
Central African Republic,1176872,1260000,1349000,1468000,1628000,1840000,2058000,2349000,2715000,3085000,3545000,3980000,4364000,4845000,5392000,5991000
Chad,2423971,2608000,2806000,3043000,3345000,3728000,4145000,4523000,5067000,5842000,6770000,7943000,9401000,10544000,11632000,12756000
Chile,5501228,6091000,6744000,7586000,8510000,9369000,10208000,10999000,11953000,13008000,14173000,15175000,15980000,16760000,17509000,18187000
China,521370267,562580000,607047000,651340000,716667000,822116000,920295000,987822000,1061876000,1153164000,1221056000,1268302000,1302285000,1336681000,1367486000,1397026000
Colombia,9888473,11592000,13589000,15953000,18647000,21430000,24125000,26632000,29748000,33148000,36532000,38911000,41488000,44206000,46737000,49085000
Comoros,135372,149000,164000,183000,207000,237000,276000,340000,383000,431000,483000,546000,624000,707000,781000,847000
Cook Islands,13235,15000,17000,18000,20000,21000,20000,19000,18000,19000,19000,17000,14000,12000,10000,9000
Costa Rica,728381,867000,1032000,1249000,1488000,1736000,1992000,2300000,2645000,3024000,3445000,3883000,4209000,4517000,4815000,5098000
Croatia,3723520,3838000,3956000,4037000,4134000,4206000,4256000,4384000,4458000,4509000,4497000,4411000,4496000,4487000,4465000,4428000
Cuba,5243846,5785000,6382000,7028000,7810000,8543000,9291000,9653000,10065000,10507000,10848000,11072000,11199000,11099000,11032000,10932000
Curaçao,92893,102000,112000,124000,134000,145000,150000,148000,154000,146000,142000,134000,137000,144000,149000,152000
Cyprus,459709,495000,533000,579000,601000,628000,627000,631000,680000,746000,848000,920000,1011000,1103000,1190000,1267000
Czech Republic,8506671,8926000,9366000,9660000,9777000,9796000,10043000,10289000,10311000,10310000,10324000,10269000,10267000,10551000,10645000,10703000
Democratic Republic of the Congo,12313098,13569000,14953000,16611000,18856000,21781000,25033000,29011000,33348000,39152000,46705000,52446000,60699000,69852000,79376000,89250000
Denmark,4110357,4272000,4440000,4582000,4759000,4929000,5060000,5124000,5114000,5141000,5233000,5338000,5433000,5516000,5582000,5643000
Djibouti,70330,80000,91000,112000,143000,180000,227000,327000,383000,500000,554000,670000,667000,741000,829000,922000
Dominica,47439,52000,57000,60000,64000,70000,74000,74000,74000,71000,72000,71000,73000,73000,74000,75000
Dominican Republic,2022136,2353000,2738000,3232000,3806000,4423000,5049000,5697000,6379000,7084000,7759000,8469000,9165000,9824000,10479000,11110000
Timor-Leste,401894,436000,473000,509000,554000,598000,677000,558000,649000,740000,868000,768000,985000,1088000,1232000,1384000
Ecuador,2955217,3370000,3843000,4416000,5118000,5940000,6872000,7921000,9062000,10319000,11266000,12446000,13663000,14791000,15869000,16905000
Egypt,18836150,21198000,23856000,26847000,30266000,33575000,36953000,42635000,50053000,54908000,58946000,65159000,72544000,80472000,88488000,99667000
El Salvador,1693789,1940000,2222000,2582000,3018000,3604000,4073000,4571000,4672000,5110000,5480000,5850000,5957000,6053000,6142000,6218000
Equatorial Guinea,198867,212000,226000,244000,253000,271000,214000,257000,326000,372000,427000,492000,568000,651000,741000,837000
Eritrea,1313148,1403000,1499000,1615000,1747000,2161000,2422000,2569000,2942000,3138000,3566000,4198000,5070000,5793000,6528000,7260000
Estonia,1040014,1096000,1155000,1211000,1288000,1364000,1433000,1483000,1539000,1570000,1447000,1380000,1332000,1303000,1266000,1229000
Ethiopia,18508964,20175000,21991000,24169000,26741000,29469000,32976000,36037000,40684000,47555000,55726000,64366000,74355000,86043000,99466000,114641000
Faroe Islands,31030,32000,33000,35000,38000,39000,41000,44000,46000,48000,44000,46000,49000,50000,51000,52000
Federated States of Micronesia,26694,31000,36000,42000,49000,57000,67000,78000,91000,109000,106000,108000,109000,108000,106000,103000
Fiji,249081,288000,333000,394000,464000,522000,577000,635000,699000,740000,773000,805000,837000,876000,910000,936000
Finland,3795060,4009000,4235000,4430000,4564000,4607000,4712000,4780000,4902000,4987000,5105000,5169000,5239000,5355000,5477000,5572000
France,40902552,42540000,44243000,46612000,49834000,51955000,53998000,55164000,56561000,58256000,59824000,61256000,63060000,64941000,66554000,67849000
French Polynesia,55125,63000,72000,82000,95000,115000,134000,151000,176000,200000,217000,236000,254000,269000,283000,296000
Gabon,403394,416000,429000,447000,475000,515000,648000,714000,834000,939000,1070000,1237000,1396000,1546000,1706000,1877000
Georgia,3229429,3516000,3828000,4147000,4465000,4695000,4898000,5046000,5193000,5432000,5042000,4819000,4791000,4903000,4932000,4931000
Germany,66601240,68375000,70196000,72481000,75639000,77784000,78683000,78298000,77685000,79381000,81654000,82184000,82440000,81645000,80855000,82983000
Ghana,4640239,5298000,6049000,6959000,8010000,8789000,10100000,11153000,13573000,15549000,17322000,18982000,21107000,23572000,26328000,29341000
Gibraltar,22042,23000,24000,25000,26000,27000,30000,29000,29000,30000,27000,28000,29000,29000,30000,30000
Greece,7187985,7567000,7966000,8328000,8551000,8793000,9047000,9643000,9924000,10130000,10458000,10560000,10669000,10750000,10776000,10743000
Greenland,19593,23000,27000,33000,40000,47000,50000,51000,54000,56000,57000,57000,58000,58000,58000,58000
Grenada,67953,76000,85000,91000,94000,96000,96000,91000,94000,95000,98000,102000,105000,108000,111000,114000
Guam,52174,60000,69000,67000,75000,87000,103000,107000,121000,135000,145000,156000,159000,160000,162000,169000
Guatemala,2527225,2969000,3488000,4100000,4746000,5265000,5911000,6650000,7581000,8966000,10028000,11086000,12183000,13551000,14919000,16265000
Guernsey,45021,46000,47000,47000,51000,54000,54000,54000,56000,63000,61000,62000,64000,65000,67000,68000
Guinea,2399496,2586000,2787000,3027000,3314000,3644000,4019000,4448000,5227000,6119000,7446000,8351000,9154000,10325000,11781000,13420000
Guinea-Bissau,556547,574000,592000,617000,604000,621000,681000,789000,886000,996000,1144000,1279000,1415000,1566000,1727000,1893000
Guyana,372325,428000,492000,572000,641000,715000,768000,760000,763000,772000,769000,785000,775000,746000,736000,751000
Haiti,2852185,3098000,3365000,3697000,4094000,4541000,4974000,5508000,6120000,6798000,7571000,8413000,9205000,9649000,10111000,10693000
Honduras,1233087,1432000,1663000,1952000,2330000,2761000,2858000,3403000,4078000,4795000,5551000,6360000,7194000,7990000,8747000,9466000
Hong Kong,2010696,2238000,2491000,3076000,3598000,3960000,4396000,5064000,5457000,5688000,6223000,6656000,6905000,7030000,7142000,7250000
Hungary,8876137,9339000,9826000,9984000,10153000,10338000,10532000,10712000,10649000,10372000,10281000,10148000,10058000,9993000,9898000,9772000
Iceland,128610,143000,159000,176000,193000,205000,219000,229000,242000,255000,268000,282000,297000,318000,332000,358000
India,338418955,369881000,404268000,445394000,494964000,553889000,618923000,684888000,759613000,838159000,920585000,1006301000,1090974000,1173109000,1251696000,1326094000
Indonesia,76289562,82979000,90255000,100146000,110754000,122292000,135214000,150322000,166070000,181600000,197604000,214091000,229245000,243423000,255994000,279080000
Iran,14279533,16358000,18739000,21600000,25040000,28995000,33468000,39709000,48619000,58101000,64218000,68632000,72283000,76924000,81825000,86544000
Iraq,4516751,5164000,5904000,6823000,7971000,9414000,11118000,13233000,15694000,18140000,19658000,23129000,27538000,30527000,37057000,42213000
Ireland,3011757,2964000,2917000,2833000,2877000,2951000,3178000,3402000,3541000,3509000,3614000,3823000,4200000,4623000,4893000,5177000
Isle of Man,58173,55000,52000,48000,49000,53000,60000,65000,65000,69000,73000,76000,80000,84000,88000,91000
Israel,935273,1287000,1771000,2139000,2573000,2895000,3342000,3721000,4050000,4460000,5335000,6098000,6726000,7369000,8050000,9178000
Italy,45626007,47106000,48634000,50198000,51988000,53662000,55572000,56452000,56719000,56714000,57295000,57785000,59038000,60749000,61856000,62403000
Ivory Coast,2586199,2861000,3165000,3577000,4357000,5580000,7031000,8594000,10332000,12491000,14846000,16885000,18921000,21059000,23296000,25504000
Jamaica,1288264,1385000,1489000,1632000,1778000,1944000,2105000,2229000,2319000,2348000,2470000,2616000,2737000,2848000,2951000,3052000
Japan,78198157,83806000,89816000,94092000,98883000,104345000,111574000,116808000,120755000,123538000,125328000,126776000,127716000,127580000,126920000,126138000
Jersey,54150,57000,60000,63000,67000,70000,73000,76000,80000,84000,85000,88000,89000,94000,98000,102000
Jordan,458409,562000,689000,853000,1069000,1516000,1822000,2190000,2669000,3321000,4249000,4786000,5363000,6501000,8118000,7690000
Kazakhstan,5617354,6694000,7977000,9983000,11903000,13107000,14158000,15000000,15999000,16776000,16390000,15688000,16123000,17085000,18158000,19092000
Kenya,5328246,6122000,7034000,8157000,9550000,11248000,13434000,16331000,19763000,23361000,27164000,30606000,35247000,40844000,45926000,49859000
Kiribati,31243,34000,37000,41000,45000,49000,54000,58000,63000,72000,77000,86000,93000,100000,106000,112000
Kosovo,679911,762000,854000,947000,1079000,1220000,1370000,1522000,1683000,1862000,2029000,1701000,1768000,1816000,1871000,1933000
Kuwait,112433,145000,187000,293000,477000,748000,1007000,1370000,1733000,2132000,1665000,1973000,2257000,2544000,2789000,2994000
Kyrgyzstan,1589969,1739000,1902000,2172000,2574000,2964000,3301000,3632000,4062000,4484000,4621000,4938000,5165000,5411000,5665000,5965000
Laos,1711740,1886000,2078000,2310000,2566000,2845000,3162000,3294000,3658000,4211000,4847000,5398000,5837000,6369000,6912000,7448000
Latvia,1873175,1937000,2003000,2116000,2254000,2362000,2462000,2525000,2607000,2664000,2481000,2369000,2259000,2116000,1987000,1882000
Lebanon,1193610,1365000,1561000,1787000,2058000,2384000,2693000,2902000,3177000,3452000,3673000,3835000,4139000,4493000,6185000,5470000
Lesotho,671574,727000,787000,859000,953000,1068000,1196000,1359000,1552000,1704000,1848000,1917000,1923000,1920000,1948000,1970000
Liberia,730868,824000,929000,1055000,1209000,1397000,1617000,1858000,2162000,2139000,1901000,2601000,2931000,3686000,4196000,4728000
Liechtenstein,13067,14000,15000,17000,19000,22000,24000,26000,27000,29000,31000,33000,35000,37000,38000,40000
Lithuania,2494423,2554000,2615000,2765000,2960000,3138000,3306000,3436000,3588000,3684000,3510000,3490000,3327000,3089000,2885000,2732000
Luxembourg,287266,296000,305000,314000,332000,340000,359000,365000,368000,383000,410000,439000,468000,510000,571000,629000
Libya,824082,962000,1123000,1338000,1624000,2000000,2569000,3061000,3661000,4099000,4584000,5025000,5571000,6111000,6412000,6943000
Macau,219876,206000,193000,187000,224000,262000,255000,256000,306000,352000,402000,432000,475000,568000,593000,615000
Macedonia,1119034,1225000,1341000,1367000,1470000,1575000,1685000,1793000,1845000,1862000,1955000,2015000,2046000,2073000,2097000,2113000
Madagascar,4268167,4621000,5003000,5482000,6071000,6766000,7604000,8692000,10029000,11633000,13533000,15713000,18132000,20847000,23813000,26956000
Malawi,2568951,2817000,3089000,3451000,3915000,4509000,5318000,6258000,7321000,9360000,9809000,11130000,12864000,15183000,17965000,21197000
Malaysia,5661427,6434000,7312000,8429000,9648000,10911000,12131000,13461000,15650000,17883000,20340000,23152000,25969000,28275000,30514000,32653000
Maldives,79012,80000,81000,93000,98000,115000,133000,153000,178000,217000,261000,300000,337000,396000,394000,392000
Mali,3340212,3688000,4072000,4495000,4978000,5547000,6218000,6869000,7623000,8487000,9489000,10788000,12528000,14583000,16956000,19714000
Malta,309029,312000,315000,329000,320000,326000,328000,365000,348000,360000,377000,390000,399000,407000,414000,420000
Marshall Islands,9308,11000,13000,16000,18000,22000,27000,31000,39000,46000,50000,54000,60000,66000,73000,78000
Mauritania,960186,1006000,1054000,1118000,1196000,1290000,1405000,1545000,1724000,1925000,2235000,2501000,2838000,3206000,3597000,4006000
Mauritius,406161,482000,572000,664000,756000,830000,886000,964000,1021000,1062000,1124000,1186000,1243000,1295000,1340000,1380000
Mexico,24641731,28486000,32930000,38579000,45143000,52776000,60679000,68348000,76601000,84635000,92584000,99776000,106577000,114062000,121737000,128650000
Moldova,2082184,2337000,2623000,2999000,3334000,3595000,3847000,3997000,4149000,4375000,4356000,4181000,3949000,3732000,3547000,3365000
Monaco,19000,19000,19000,21000,23000,24000,26000,27000,29000,30000,31000,32000,32000,31000,31000,31000
Mongolia,718155,779000,845000,955000,1091000,1248000,1446000,1656000,1860000,2122000,2307000,2461000,2603000,2784000,2993000,3169000
Montenegro,363000,396000,432000,462000,492000,515000,550000,561000,561000,584000,671000,733000,700000,667000,648000,640000
Montserrat,15077,14000,13000,13000,12000,12000,13000,12000,12000,11000,11000,4000,5000,6000,6000,6000
Morocco,8097787,9344000,10782000,12424000,14067000,15910000,17688000,19488000,21644000,24000000,26148000,28114000,29901000,31628000,33323000,34956000
Mozambique,5761575,6251000,6782000,7473000,8302000,9305000,10433000,12103000,13294000,12990000,15889000,17997000,20069000,22418000,25304000,28604000
Myanmar,18041907,19488000,21050000,22840000,24938000,27393000,30330000,33337000,36766000,40464000,43994000,47439000,50573000,53415000,56321000,59126000
Namibia,412444,464000,522000,591000,671000,765000,916000,1059000,1205000,1471000,1682000,1894000,2029000,2129000,2213000,2263000
Nauru,4000,4000,4000,5000,6000,7000,8000,8000,9000,10000,10000,10000,11000,10000,10000,10000
Nepal,8525327,8990000,9480000,10035000,10863000,11919000,13156000,14666000,16570000,18919000,21877000,24819000,27094000,28952000,31552000,34209000
Netherlands,9520833,10121000,10759000,11494000,12302000,13043000,13665000,14156000,14505000,14966000,15477000,15931000,16300000,16574000,16948000,17281000
New Caledonia,48246,56000,65000,79000,91000,113000,134000,140000,153000,169000,192000,212000,233000,253000,272000,291000
New Zealand,1705326,1909000,2137000,2372000,2641000,2829000,3118000,3171000,3324000,3414000,3643000,3803000,4049000,4253000,4439000,4715000
Nicaragua,943352,1098000,1278000,1493000,1751000,2053000,2395000,2804000,3181000,3644000,4402000,4867000,5268000,5605000,5908000,6204000
Niger,3007299,3272000,3560000,3913000,4344000,4841000,5420000,6094000,6870000,7826000,9111000,10726000,12783000,15271000,18046000,21152000
Nigeria,28119850,31797000,35955000,41551000,48068000,55591000,64428000,74829000,84898000,96685000,109753000,123946000,141190000,160342000,181563000,204950000
North Korea,10121704,9472000,8864000,10448000,11965000,14062000,16015000,17391000,18831000,20452000,22108000,22785000,23621000,24326000,24984000,25644000
Northern Mariana Islands,6125,7000,8000,9000,11000,13000,15000,17000,22000,45000,58000,70000,71000,54000,53000,58000
Norway,3111656,3266000,3428000,3582000,3724000,3878000,4008000,4086000,4153000,4243000,4360000,4493000,4625000,4892000,5208000,5468000
Oman,442817,489000,540000,602000,682000,784000,921000,1186000,1498000,1795000,2139000,2433000,2697000,2968000,3287000,3635000
Pakistan,35813130,40383000,45536000,51719000,59047000,67492000,76457000,85220000,102079000,118817000,134186000,152430000,169279000,184405000,199086000,213720000
Palau,7111,8000,9000,10000,11000,13000,13000,14000,14000,16000,18000,20000,21000,21000,22000,22000
Palestine,982298,1018000,1055000,1115000,1212000,1033000,1201000,1361000,1578000,1899000,2508000,3111000,3599000,4120000,4656000,5181000
Panama,788773,893000,1011000,1148000,1326000,1532000,1750000,1960000,2168000,2394000,2639000,2900000,3156000,3411000,3658000,3895000
Papua New Guinea,1291442,1413000,1546000,1719000,1941000,2214000,2505000,2847000,3229000,3683000,4216000,4813000,5440000,6065000,6673000,7260000
Paraguay,1293691,1476000,1684000,1910000,2171000,2477000,2849000,3172000,3634000,4201000,4826000,5419000,5926000,6376000,6784000,7192000
Peru,6718484,7633000,8672000,9932000,11468000,13193000,15162000,17296000,19380000,21565000,23864000,25797000,27443000,28948000,30445000,31915000
Philippines,18349828,21132000,24336000,28026000,32391000,37253000,42406000,48290000,54589000,61481000,68472000,76452000,84965000,93137000,100999000,109181000
Poland,22639897,24825000,27221000,29590000,31263000,32527000,33970000,35579000,37226000,38120000,38601000,38655000,38557000,38617000,38563000,38283000
Portugal,8200190,8443000,8693000,9037000,9129000,9045000,9412000,9778000,9898000,9923000,10066000,10336000,10567000,10736000,10826000,10843000
Puerto Rico,2187455,2219000,2251000,2359000,2597000,2722000,2936000,3210000,3383000,3537000,3684000,3811000,3822000,3722000,3599000,3520000
Qatar,18778,26000,36000,46000,71000,113000,165000,230000,343000,434000,510000,640000,973000,1720000,2195000,2445000
Republic of the Congo,756559,827000,904000,1003000,1124000,1273000,1456000,1676000,1927000,2221000,2570000,2940000,3473000,4238000,4756000,5294000
Romania,15357344,16312000,17326000,18404000,19028000,20253000,21246000,22131000,22522000,22866000,22688000,22448000,22198000,21960000,21667000,21303000
Russia,93507838,101937000,111126000,119632000,126542000,130246000,134294000,139039000,143938000,147973000,148759000,147054000,143320000,142527000,142424000,145723000
Rwanda,2205854,2440000,2699000,3032000,3265000,3770000,4357000,5140000,5987000,7000000,5473000,8399000,9612000,11056000,12662000,14328000
Saint Barthélemy,3000,3000,3000,3000,3000,3000,3000,3000,4000,6000,7000,8000,8000,8000,8000,8000
"Saint Helena, Ascension and Tristan da Cunha",6000,6000,6000,6000,6000,6000,7000,7000,8000,7000,7000,8000,8000,8000,8000,8000
Saint Kitts and Nevis,40500,45000,50000,52000,49000,47000,45000,44000,43000,42000,44000,46000,48000,50000,52000,54000
Saint Lucia,74419,80000,86000,88000,95000,103000,113000,123000,132000,138000,147000,154000,158000,161000,164000,167000
Saint Martin,2250,3000,4000,5000,5000,6000,7000,8000,16000,31000,33000,29000,28000,31000,32000,33000
Saint Pierre and Miquelon,5000,5000,5000,5000,6000,6000,6000,6000,7000,7000,7000,7000,7000,6000,6000,6000
Saint Vincent and the Grenadines,59066,67000,76000,82000,86000,88000,93000,99000,104000,108000,109000,108000,107000,105000,103000,102000
Samoa,71532,82000,94000,111000,128000,143000,151000,160000,161000,163000,169000,177000,185000,193000,198000,204000
San Marino,12071,13000,14000,16000,18000,20000,20000,22000,23000,24000,25000,28000,30000,32000,34000,35000
São Tomé and Príncipe,59016,60000,61000,64000,69000,74000,82000,95000,105000,116000,128000,141000,158000,176000,195000,212000
Saudi Arabia,3510745,3860000,4244000,4719000,5328000,6110000,7208000,10022000,13331000,16061000,18756000,21312000,23643000,25732000,27753000,29819000
Senegal,2406463,2654000,2927000,3270000,3744000,4318000,4990000,5612000,6379000,7348000,8379000,9470000,10805000,12324000,13976000,15737000
Republic of Serbia,5620185,5957000,6314000,6659000,6959000,7249000,7432000,7588000,7720000,7787000,7692000,7605000,7503000,7345000,7177000,7013000
Seychelles,30250,33000,36000,42000,48000,55000,60000,64000,68000,71000,75000,80000,84000,89000,93000,96000
Sierra Leone,1952416,2088000,2233000,2397000,2582000,2790000,3031000,3336000,3704000,4229000,3882000,3810000,4709000,5246000,5880000,6625000
Singapore,801324,1023000,1306000,1647000,1887000,2075000,2263000,2414000,2750000,3048000,3567000,4064000,4606000,5141000,5675000,6210000
Sint Maarten,3000,3000,3000,3000,5000,7000,11000,13000,20000,30000,32000,31000,34000,38000,41000,44000
Slovakia,3219559,3464000,3727000,3995000,4370000,4524000,4730000,4966000,5145000,5263000,5362000,5401000,5408000,5427000,5446000,5441000
Slovenia,1419647,1468000,1518000,1558000,1621000,1676000,1723000,1834000,1915000,1992000,2003000,2011000,2012000,2004000,1984000,1952000
Solomon Islands,99557,107000,115000,127000,144000,164000,194000,231000,273000,322000,376000,434000,496000,560000,623000,686000
Somalia,2222829,2438000,2674000,2956000,3283000,3667000,4128000,5794000,6459000,6693000,6401000,7501000,8791000,9768000,10617000,11758000
South Africa,12027537,13596000,15369000,17417000,19899000,22740000,25816000,29252000,34255000,38504000,42148000,44914000,48105000,51123000,53676000,56464000
South Korea,20163127,20846000,21552000,24785000,28706000,32242000,35282000,38125000,40807000,42870000,45106000,46839000,48006000,48637000,49116000,49362000
South Sudan,2657907,2707000,2757000,2809000,2862000,2915000,3396000,4668000,5320000,4960000,5193000,6297000,7634000,9585000,12043000,14559000
Spain,26860806,28063000,29319000,30642000,32085000,33877000,35564000,37489000,38535000,39351000,39765000,40590000,43705000,46506000,48147000,50016000
Sri Lanka,6528773,7534000,8694000,9914000,11261000,12619000,13780000,15056000,15848000,16862000,17942000,19042000,20103000,21084000,22054000,22890000
Sudan,5660266,6468000,7391000,8447000,9653000,11031000,12708000,14784000,17507000,21130000,24517000,27068000,29884000,32997000,36109000,41131000
Suriname,181249,209000,241000,285000,337000,373000,363000,355000,395000,417000,428000,465000,504000,546000,580000,610000
Swaziland,247705,278000,312000,352000,400000,456000,521000,612000,722000,882000,1004000,1144000,1259000,1355000,1436000,1514000
Sweden,6775468,7015000,7263000,7481000,7734000,8043000,8193000,8311000,8357000,8601000,8878000,8925000,9083000,9433000,9802000,10203000
Switzerland,4425422,4695000,4981000,5363000,5944000,6268000,6404000,6386000,6568000,6844000,7165000,7278000,7449000,7770000,8122000,8404000
Syria,3103610,3496000,3938000,4531000,5323000,6253000,7398000,8740000,10479000,12534000,14487000,16515000,18615000,21766000,17065000,22347000
Taiwan,6716458,7982000,9486000,11210000,12978000,14599000,16123000,17849000,19338000,20279000,21291000,22185000,22728000,23127000,23416000,23604000
Tajikistan,1316093,1531000,1781000,2081000,2511000,2939000,3449000,3967000,4569000,5273000,5679000,6230000,6815000,7488000,8192000,8874000
United Republic of Tanzania,7018641,7935000,8971000,10260000,11871000,13807000,16148000,18654000,21485000,24805000,29065000,33194000,38487000,44289000,51046000,58553000
Thailand,17127826,20042000,23452000,27513000,32062000,37091000,42273000,47026000,51759000,56097000,59818000,62902000,65113000,66721000,67977000,68978000
Gambia,240990,272000,307000,352000,412000,485000,566000,653000,773000,952000,1162000,1357000,1548000,1756000,1968000,2174000
Togo,1057416,1172000,1299000,1456000,1648000,1965000,2267000,2626000,3130000,3721000,4203000,4992000,5715000,6588000,7553000,8609000
Tonga,38473,46000,55000,64000,75000,84000,90000,92000,95000,97000,98000,101000,104000,106000,107000,107000
Trinidad and Tobago,555741,633000,721000,842000,940000,956000,1007000,1091000,1190000,1256000,1265000,1252000,1237000,1229000,1223000,1209000
Tunisia,3217136,3518000,3847000,4150000,4566000,5099000,5704000,6444000,7364000,8208000,8947000,9508000,10013000,10526000,11038000,11495000
Turkey,18477485,21122000,24145000,28218000,31951000,35759000,40530000,45048000,50989000,56545000,61296000,65970000,70465000,74687000,79415000,82018000
Turkmenistan,1077170,1205000,1348000,1585000,1883000,2182000,2524000,2876000,3241000,3659000,4079000,4386000,4665000,4941000,5232000,5929000
Turks and Caicos Islands,6000,6000,6000,6000,6000,6000,7000,8000,10000,12000,15000,20000,28000,44000,51000,56000
Tuvalu,5000,5000,5000,6000,6000,6000,7000,8000,9000,10000,10000,11000,11000,11000,11000,12000
Uganda,4826287,5522000,6318000,7262000,8390000,9716000,10761000,12020000,13811000,16549000,19641000,22917000,26917000,31508000,37102000,43518000
Ukraine,34351917,36775000,39369000,42645000,45235000,47236000,48974000,50047000,50945000,51623000,51248000,49014000,47003000,45769000,44430000,43923000
United Arab Emirates,62458,72000,83000,104000,144000,250000,523000,1001000,1364000,1827000,2458000,3220000,4087000,4976000,5780000,6496000
United Kingdom,49322166,50128000,50947000,52373000,54351000,55633000,56216000,56315000,56585000,57411000,58187000,59140000,60488000,62349000,64089000,65762000
United States of America,139723712,151869000,165070000,179980000,193527000,203985000,215466000,227225000,237924000,249623000,266279000,282163000,295517000,309348000,321369000,334504000
United States Virgin Islands,26036,27000,28000,33000,44000,64000,95000,100000,101000,104000,108000,109000,108000,107000,104000,101000
Uruguay,2046740,2195000,2354000,2531000,2694000,2824000,2844000,2931000,3019000,3086000,3151000,3220000,3265000,3302000,3342000,3388000
Uzbekistan,5475162,6293000,7233000,8532000,10206000,11941000,13988000,15994000,18216000,20531000,23068000,25042000,26540000,27866000,29200000,30566000
Vanuatu,47610,53000,59000,67000,75000,86000,100000,117000,135000,154000,173000,192000,218000,246000,273000,299000
Venezuela,4067428,5010000,6171000,7557000,9068000,10759000,12675000,14768000,16998000,19326000,21550000,23493000,25270000,27224000,29276000,31276000
Vietnam,23164923,25349000,27739000,31657000,37259000,42577000,48076000,53716000,60094000,67259000,73784000,79178000,84425000,89572000,94349000,98722000
Wallis and Futuna,6125,7000,8000,8000,9000,9000,9000,11000,14000,14000,15000,15000,16000,16000,16000,16000
estern Sahara,6250,10000,16000,28000,50000,90000,73000,125000,180000,218000,264000,337000,416000,492000,571000,653000
Yemen,4335223,4778000,5266000,5872000,6511000,7099000,7935000,9133000,10540000,12417000,14832000,17236000,20003000,23210000,26738000,29885000
Zambia,2272793,2554000,2870000,3255000,3695000,4241000,4849000,5541000,6536000,7604000,8691000,9984000,11373000,13042000,15067000,17427000
Zimbabwe,2388656,2854000,3410000,4011000,4686000,5515000,6342000,7170000,8561000,10157000,11160000,11821000,11640000,11652000,14230000,15832000